atm_id,name,lat,lon,operator
302493798,Citibank,12.9309141,77.5850854,Citibank
308729154,Citibank ATM Jayanagar 7th Block,12.9238284,77.5763354,Citibank
309690273,IDBI Bank,12.9604812,77.6385098,IDBI Bank
312509585,Axis Bank,12.9601353,77.6431187,Axis Bank
316993744,Kotak Mahindra Bank,12.9600367,77.6452495,Kotak Mahindra Bank
316993745,Citibank,12.9600398,77.6452145,Citibank
374216545,Unknown ATM,13.0145165,77.5678632,State Bank of India
374216551,Unknown ATM,13.014655,77.5678658,Canara Bank
428549527,State Bank of India,13.0047512,77.5650939,State Bank of India
428549736,Axis Bank,13.0056248,77.5622366,Axis Bank
428851702,Canara Bank,12.977709,77.5722837,Canara Bank
443636563,State Bank of India,13.0254302,77.6417703,State Bank of India
454135246,Syndicate Bank,13.0217371,77.6370282,Syndicate Bank
517874468,Canara Bank,12.9532525,77.57754,Canara Bank
531400343,Canara Bank,13.0493097,77.5928667,Canara Bank
577026690,ICICI Bank,12.9940976,77.571267,ICICI Bank
577968271,State Bank of India,13.018555,77.558819,State Bank of India
598211204,Bank of India,13.0016506,77.5694522,Bank of India
610677254,Unknown ATM,13.0055316,77.569732,UCO
619348715,Unknown ATM,13.0010742,77.569202,Kotak Mahindra Bank
622010323,Syndicate Bank,13.0085354,77.5694521,Syndicate Bank
660666062,Syndicate Bank,12.9836146,77.5948986,Syndicate Bank
661056774,Unknown ATM,13.0076434,77.5779662,CorpBank
661059077,Unknown ATM,13.0067463,77.5788817,DhanlaxmliBank
661983025,Canara Bank,12.985511,77.5889985,Canara Bank
663599408,Karnataka Bank,12.9686616,77.5875127,Karnataka Bank
665871277,State Bank of India,12.9733292,77.5824593,State Bank of India
665871309,Syndicate Bank,13.0014631,77.5983593,Syndicate Bank
665871314,Standard Chartered,13.0143993,77.5835124,Standard Chartered
680020373,Canara Bank,12.9784725,77.5696765,Canara Bank
683352653,Citibank,12.9484631,77.5798653,Citibank
850751623,UCO Bank,13.0249229,77.5928698,UCO Bank
850751637,Vijaya Bank,13.0248113,77.5934442,Unknown
850751693,Citibank,13.0249491,77.5926439,Citibank
946825830,ICICI Bank,12.9093013,77.614205,ICICI Bank
951203518,Indian Bank,12.9127285,77.6064015,Indian Bank
1067192719,ICICI Bank,12.9994929,77.5989568,ICICI Bank
1085622347,Unknown ATM,13.0009914,77.6184047,Canara Bank ATM
1166727538,Axis bank ATM private to Ferns Icon,12.9790704,77.693907,Unknown
1186831429,Unknown ATM,12.9954058,77.6992647,State Bank of India
1212309366,IDBI Bank,12.9713009,77.6347274,IDBI Bank
1290044474,Unknown ATM,12.9955696,77.6017708,Unknown
1331929318,Unknown ATM,12.9083281,77.5639541,ICICI Bank
1331946772,Unknown ATM,12.9113882,77.5747186,HDFC Bank
1334443041,Unknown ATM,12.9083213,77.5641425,Canara Bank
1334443049,Unknown ATM,12.9084259,77.5639762,HDFC Bank
1336840466,Unknown ATM,12.9716449,77.6574777,Unknown
1336840478,Unknown ATM,12.9713312,77.6573918,Unknown
1339408132,Federal Bank,12.9718996,77.6508166,Federal Bank
1367646343,HDFC Bank,12.9251154,77.6817088,HDFC Bank
1367646347,ICICI Bank,12.9249638,77.681639,ICICI Bank
1370777376,Unknown ATM,13.0317411,77.611461,Unknown
1384675402,Axis Bank,12.925884,77.6753891,Axis Bank
1389210293,Unknown ATM,12.9655798,77.5845651,ICICI Bank
1442052879,Unknown ATM,13.0004021,77.6233737,State Bank of India
1444233099,State Bank of India,12.934708,77.6126855,State Bank of India
1445322853,Canara Bank,12.9287707,77.5824139,Canara Bank
1455123608,Axis Bank,12.9356059,77.6143393,Axis Bank
1465032919,Unknown ATM,12.9296912,77.5519662,State Bank of India
1465146871,Unknown ATM,12.9198321,77.5927344,State Bank
1465177404,HDFC Bank,12.9373618,77.6244338,HDFC Bank
1465482494,Unknown ATM,13.029027,77.561291,SBI State Bank of India ATM
1466328827,Syndicate Bank,12.9370677,77.568849,Syndicate Bank
1466450010,Unknown ATM,12.9365631,77.567363,HDFC ATM
1467329134,IDBI Bank,13.0272537,77.5774582,IDBI Bank
1467335519,Unknown ATM,13.0292314,77.5787817,Dhanalakshmi Bank
1467816822,Unknown ATM,13.033232,77.5690512,Citibank
1468014994,Unknown ATM,12.93567,77.6152337,HDFC Bank ATM
1468032550,Punjab National Bank,12.9805966,77.6074314,Punjab National Bank
1468035390,Unknown ATM,12.9168632,77.6045592,Unknown
1468516363,Indian Bank,12.9366613,77.6253726,Indian Bank
1468540703,IndusInd Bank,12.9401157,77.6250336,IndusInd Bank
1468540754,Bank of Baroda,12.9367383,77.6259938,Bank of Baroda
1470523369,Deutsche Bank,12.936209,77.6171253,Deutsche Bank
1470757461,IndusInd Bank,12.911884,77.6379067,IndusInd Bank
1470827521,Unknown ATM,12.910865,77.637973,Unknown
1471717737,Unknown ATM,12.9170321,77.6289637,Unknown
1471891610,Federal Bank,12.9254095,77.6173387,Federal Bank
1472104851,HDFC Bank,13.0342969,77.5759809,HDFC Bank
1472732143,Unknown ATM,13.0340331,77.5563802,ICICI ATM
1472858749,Unknown ATM,13.0044766,77.5534808,ABM AMRO ATM
1472880752,Unknown ATM,12.9154792,77.6344183,Unknown
1473180303,Citibank,13.0363059,77.5748837,Citibank
1473180305,Unknown ATM,13.0363843,77.5748622,Unknown
1473299194,Unknown ATM,12.930445,77.5896349,Axis Bank ATM
1473921812,State Bank of India,12.9446167,77.5677552,State Bank of India
1474001857,ICICI Bank,12.973051,77.6110437,ICICI Bank
1474199647,Dhanalaxmi Bank Atm,12.9174606,77.6515807,Dhanalakshmi Bank
1474220580,State Bank of India,12.9786857,77.6450948,State Bank of India
1474220586,Citibank,12.9689844,77.6415777,Citibank
1474297569,ICICI Bank,12.9814476,77.6103605,ICICI Bank
1474299627,Unknown ATM,12.9161449,77.6054538,ICICI ATM
1474449978,Federal Bank,12.9245296,77.6094944,Federal Bank
1474450888,HDFC Bank,12.9243597,77.6094434,HDFC Bank
1500339295,Unknown ATM,12.9674913,77.6542264,South Indian Bank ATM
1541342700,State Bank of India,13.0059466,77.6593935,State Bank of India
1569153265,Citibank,12.9795192,77.6578339,Citibank
1580635076,Canara Bank,13.0233826,77.5508348,Canara Bank
1580635077,State Bank of India,13.0234202,77.5508174,State Bank of India
1580635078,Union Bank,13.0233507,77.550854,Union Bank
1603318780,Corporation Bank,12.9481696,77.5986927,Corporation Bank
1603318781,Karnataka Bank,12.9488718,77.5977625,Karnataka Bank
1604968800,Corporation Bank,12.9236001,77.5879513,Corporation Bank
1614366548,Citibank,12.9879409,77.5768491,Citibank
1615734800,State Bank of India,12.9256885,77.6250527,State Bank of India
1670718780,Unknown ATM,13.0220854,77.6505416,Axis Bank ATM
1674647382,State Bank of India,12.9223393,77.5953285,State Bank of India
1675528607,DCB,12.9746026,77.6731914,DCB
1675552772,Citibank,12.9347196,77.61367,Citibank
1732933830,Corporation Bank,12.91411,77.5856235,Corporation Bank
1741241408,Unknown ATM,12.9301278,77.5636876,Axis Bank
1741246216,ICICI Bank,12.935471,77.5608687,ICICI Bank
1741456815,Unknown ATM,12.931931,77.5640576,HDFC Bank
1741567711,Unknown ATM,12.9239653,77.5705721,ICICI Bank
1741781102,ICICI Bank,12.9165024,77.6034897,ICICI Bank
1741811584,Unknown ATM,12.9269195,77.5682037,Karnataka Bank
1741812254,Unknown ATM,12.9264381,77.5691045,Syndicate Bank
1742644867,Unknown ATM,13.0183141,77.647035,IOB
1758038060,ICICI Bank,12.9686424,77.6498752,ICICI Bank
1760694168,Unknown ATM,13.0150155,77.6658693,Unknown
1760701663,Unknown ATM,13.020966,77.6662986,Unknown
1773364555,Canara Bank,12.9456792,77.5960812,Canara Bank
1781959102,HDFC Bank,12.943452,77.6178697,HDFC Bank
1781959104,ICICI Bank,12.9434676,77.6178331,ICICI Bank
1789725915,HDFC Bank,12.9604713,77.5652214,HDFC Bank
1789726918,Unknown ATM,12.9604086,77.5633761,State Bank ATM
1791591267,Corporation Bank,12.9544584,77.5733572,Corporation Bank
1791595069,Unknown ATM,12.9500017,77.5721635,State Bank Of Indi
1791886696,State Bank of India,12.9573769,77.5717084,State Bank of India
1791982458,Karnataka Bank,12.9544493,77.5699435,Karnataka Bank
1791990800,State Bank of India,12.9556831,77.5676261,State Bank of India
1791991192,Unknown ATM,12.9557511,77.567272,Unknown
1792027188,Indian Bank,12.9418539,77.555564,Indian Bank
1792044189,HDFC Bank,12.9398411,77.553976,HDFC Bank
1792046973,Unknown ATM,12.9396697,77.5546603,Ratnakar Bank
1792716217,ICICI Bank,12.9434331,77.5663121,ICICI Bank
1792719635,ICICI Bank,12.9418698,77.5563504,ICICI Bank
1794008864,Citibank,12.9451475,77.5719389,Citibank
1796628970,HDFC Bank,12.9439251,77.5643566,HDFC Bank
1796630507,ICICI Bank,12.9437743,77.5643702,ICICI Bank
1796670301,HDFC Bank,12.9402637,77.5577692,HDFC Bank
1802684091,Corporation Bank,12.9436748,77.5641934,Corporation Bank
1806959176,Unknown ATM,12.9732886,77.5702017,State Bank of Mysore
1806960813,HDFC Bank,12.9725777,77.5702074,HDFC Bank
1806961438,Union Bank of India,12.9723215,77.5703735,Union Bank of India
1806963001,Corporation Bank,12.9712811,77.5701053,Corporation Bank
1812653243,Unknown ATM,12.9181694,77.5547822,SBI ATM
1812668672,Unknown ATM,12.917953,77.5571384,Corporation Bank
1813565050,Axis Bank,13.0058689,77.571081,Axis Bank
1893011344,Unknown ATM,12.902875,77.6242515,HDFC Bank
1923720117,ICICI Bank,12.9458998,77.5717344,ICICI Bank
1925196711,Standard Chartered,12.9940622,77.6606292,Standard Chartered
1927688270,Standard Chartered,12.9171903,77.585952,Standard Chartered
1947633347,HDFC Bank,13.0257883,77.5808222,HDFC Bank
2016220374,Karnataka Bank,12.9750242,77.5520533,Karnataka Bank
2016220426,Canara Bank,12.9799118,77.5541722,Canara Bank
2076240844,Citibank,12.937055,77.5784773,Citibank
2084115319,Unknown ATM,13.0298117,77.5783199,Axis Bank ATM
2120456105,State Bank of India,12.9679017,77.5851515,State Bank of India
2125939229,Unknown ATM,13.032436,77.6088298,Canara Bank
2125939655,Unknown ATM,13.0324467,77.6087814,Axis Bank
2125939660,Unknown ATM,13.0318249,77.6084004,ICICI Bank
2198198185,Citibank,12.9785979,77.6417142,Citibank
2204197989,Unknown ATM,12.9845904,77.6748205,ICICI Bank
2210804511,Unknown ATM,13.0255016,77.6033615,SBI
2214747036,Unknown ATM,13.0232887,77.6005444,Unknown
2214747037,Axis Bank ATM,13.0232564,77.6006133,Axis Bank
2214747042,Unknown ATM,13.0222291,77.6004298,ICICI
2249048755,Citibank,12.9877059,77.5596356,Citibank
2249679251,HDFC Bank,12.9097644,77.6491755,HDFC Bank
2282215762,Unknown ATM,12.9916549,77.6907785,ICICI Bank
2285451678,HDFC Bank,12.9347383,77.6298155,HDFC Bank
2287631057,Unknown ATM,12.9970313,77.6915828,IDBI Bank
2331415122,Canara Bank,12.9373332,77.5582484,Canara Bank
2331429507,HDFC Bank,12.9348094,77.5556281,HDFC Bank
2331429508,State Bank of India,12.9347536,77.5556142,State Bank of India
2331429509,Bank of Baroda,12.9381111,77.5565458,Bank of Baroda
2387041069,Canara Bank,12.9437857,77.6236824,Canara Bank
2387041347,State Bank of India,12.9422696,77.6253883,State Bank of India
2387041695,Unknown ATM,12.9043833,77.6455159,ICICI Bank
2387044171,HDFC Bank ATM,12.9051894,77.6396903,HDFC Bank
2389353607,Unknown ATM,12.9034741,77.6255722,HDFC Bank
2389353616,Unknown ATM,12.9034741,77.6256178,Canara Bank
2414639340,Unknown ATM,12.9189584,77.6426733,HDFC Bank ATM
2416036195,Unknown ATM,12.9135286,77.6851033,Citibank
2416036200,Unknown ATM,12.9147495,77.6843442,Axis Bank
2416036211,HDFC Bank,12.9147548,77.6844059,HDFC Bank
2417827937,HDFC Bank,12.935016,77.6947265,HDFC Bank
2444074728,Unknown ATM,12.9038463,77.6271871,Indian Overseas Bank
2449068105,Unknown ATM,12.9003958,77.622738,ICICI Bank
2471281381,Unknown ATM,12.9062783,77.6274095,Canara Bank
2471281382,Unknown ATM,12.9062993,77.627329,HDFC Bank
2471281383,Unknown ATM,12.90295,77.6242795,Canara Bank
2616233224,ICICI Bank,13.0499598,77.5976135,ICICI Bank
2623603733,Standard Chartered Bank,12.924471,77.5523785,Standard Chartered
2624180875,HDFC Bank,13.0219084,77.6577437,HDFC Bank
2630925143,Citibank,13.0039535,77.5836175,Citibank
2663992465,HDFC Bank,13.0179673,77.6538152,HDFC Bank
2677362270,State Bank of India,12.9200207,77.5811039,State Bank of India
2677362271,ICICI Bank,12.9200199,77.5810595,ICICI Bank
2702151803,Unknown ATM,13.0290865,77.5664915,Vijaya Bank
2702151807,Unknown ATM,13.0290286,77.5664063,State Bank of India
2702151808,Unknown ATM,13.0298041,77.570686,State Bank of India
2703661724,Axis Bank,13.0271442,77.578158,Axis Bank
2703661726,Unknown ATM,13.0282068,77.5729312,Karnataka Bank
2721781525,ICICI Bank,12.9245755,77.588035,ICICI Bank
2721781526,Canara Bank,12.9246342,77.5880408,Canara Bank
2774686318,Unknown ATM,12.965985,77.6036918,Citi Bank India
2927776238,South Indian Bank,12.9297035,77.5859202,South Indian Bank
2927776239,South Indian Bank,12.93021,77.5850977,South Indian Bank
2934044452,HDFC Bank,12.9166472,77.5972012,HDFC Bank
2986412019,UCO Bank,12.9117516,77.5671499,UCO Bank
2986412021,SBI ATM,12.9117262,77.5671334,State Bank of India
2986412026,State Bank of India,12.9094255,77.5655013,State Bank of India
2986412027,Oriental Bank of Commerce,12.9089445,77.5652653,Oriental Bank of Commerce
2986480255,Axis Bank,12.9046865,77.565528,Axis Bank
2991986418,HDFC Bank,13.0039518,77.6573921,HDFC Bank
3004782371,Unknown ATM,12.9287251,77.5911273,HSBC ATM
3010263827,Yes Bank,12.9055717,77.5855866,Yes Bank
3010283558,ICICI Bank,12.9651176,77.5897462,ICICI Bank
3016052472,Unknown ATM,12.9205278,77.6131342,IDBI Bank
3016090372,Yes Bank,12.9009848,77.5859587,Yes Bank
3016090373,Axis Bank,12.9165191,77.5987455,Axis Bank
3019539372,Axis Bank,12.9659423,77.5925731,Axis Bank
3024935601,Unknown ATM,12.9165155,77.6162625,IDBI Bank
3024935602,Unknown ATM,12.9166044,77.6148886,Karur Vysya Bank
3024967815,Axis Bank,12.904523,77.5803913,Axis Bank
3048446018,HDFC Bank,12.9199598,77.6513855,HDFC Bank
3072178335,Axis Bank,12.9230428,77.6144646,Axis Bank
3072185614,HDFC Bank,12.9215034,77.5950833,HDFC Bank
3118304947,SBI ATM,12.9278968,77.5622171,State Bank of India
3170057127,Unknown ATM,12.9733087,77.6214181,Unknown
3170060062,Unknown ATM,12.9734362,77.6215884,Unknown
3198591322,HDFC Bank,12.9159874,77.6515544,HDFC Bank
3198659800,ICICI Bank,12.9169799,77.6338738,ICICI Bank
3198659801,HDFC Bank,12.9180396,77.631926,HDFC Bank
3207060595,Axis Bank,12.9382385,77.6328181,Axis Bank
3218746549,Citibank,12.9818877,77.610465,Citibank
3218746897,Corporation Bank,12.981859,77.6102799,Corporation Bank
3231750612,Citibank,12.9168242,77.6037973,Citibank
3231750613,Unknown ATM,12.9168242,77.6038323,Kotak Mahindra Bank
3231750614,Karur Vysya Bank,12.9168388,77.6033703,Karur Vysya Bank
3231750615,State Bank of India,12.9168388,77.6034052,State Bank of India
3237630469,Bharatiya Mahila Bank,12.9669535,77.5869415,Unknown
3237634150,Punjab National Bank,12.9673021,77.5871125,Punjab National Bank
3255140843,ICICI Bank,12.9146892,77.67611,ICICI Bank
3257966388,State Bank of India,12.9757975,77.6044854,State Bank of India
3283293497,Federal Bank,12.9749583,77.5703152,Federal Bank
3300076818,State Bank of India,12.9549835,77.6532944,State Bank of India
3305353532,Corporation Bank,12.9650864,77.6441914,Corporation Bank
3309380179,Axis Bank,12.9821515,77.6387449,Axis Bank
3342048735,Axis Bank,12.9978263,77.6097252,Axis Bank
3342051067,Bank of Baroda,12.997797,77.6096526,Bank of Baroda
3342186004,Kotak Bank ATM,12.9974461,77.6100447,Unknown
3342219225,Bank of Baroda,12.999644,77.611418,Bank of Baroda
3342223440,Axis Bank,13.0007619,77.6131533,Axis Bank
3344225431,HDFC Bank,13.0234056,77.6296912,HDFC Bank
3344226250,Lakshmi Vilas Bank ATM,13.0212073,77.6284431,Unknown
3344229736,ICICI Bank,13.0256788,77.6303209,ICICI Bank
3344232700,HDFC Bank,12.9952969,77.6144743,HDFC Bank
3344233314,Citibank,12.9939906,77.6154041,Citibank
3347894592,Karnataka Bank Ltd,12.9299967,77.6765388,Karnataka Bank
3363186002,Unknown ATM,13.0199268,77.5951979,Unknown
3370230964,Unknown ATM,12.9801511,77.6410051,Unknown
3370455932,Axis Bank,12.9741296,77.6359555,Axis Bank
3371785038,State Bank of India,12.9897351,77.5720458,State Bank of India
3377392811,Bank of Baroda,12.9099264,77.5810745,Bank of Baroda
3381393095,HDFC Bank,12.9092617,77.5817945,HDFC Bank
3389691980,ING,12.9783163,77.6352403,ING
3389796914,Syndicate Bank,12.9466123,77.6218766,Syndicate Bank
3393531562,Kotak Bank,12.9110549,77.5781943,Unknown
3394760961,HDFC ATM,12.9426929,77.6026966,HDFC
3394762170,State Bank of India,12.9424288,77.6015084,State Bank of India
3401984699,Canara Bank,12.9392065,77.5827357,Canara Bank
3401988085,Bank of India,12.9381478,77.5828269,Bank of India
3402004771,Karnataka Bank,12.9284692,77.5839834,Karnataka Bank
3402021336,Canara Bank,12.9300273,77.5842892,Canara Bank
3450276080,State Bank of India,12.9423718,77.6251542,State Bank of India
3451663435,State Bank of India,12.9923397,77.659961,State Bank of India
3451664102,HDFC Bank,12.9923201,77.660059,HDFC Bank
3453556771,Axis Bank ATM,12.9593929,77.6383584,Axis Bank
3453556777,ICICI Bank,12.9593777,77.638355,ICICI Bank
3453558194,Axis Bank,12.9596492,77.6383775,Axis Bank
3455201631,Citibank,12.9718609,77.5957304,Citibank
3477797064,Bank of Baroda,12.9242311,77.6739044,Bank of Baroda
3488721663,Bank of Baroda,12.9729571,77.6191044,Bank of Baroda
3525270784,Citibank,12.9916712,77.5712761,Citibank
3556124491,Unknown ATM,12.98224,77.6387852,Unknown
3556124492,Unknown ATM,12.9822309,77.6388012,Unknown
3556133795,Kotak Mahindra Bank,12.9783815,77.6354826,Kotak Mahindra Bank
3602713244,ICICI Bank,12.9522009,77.5773216,ICICI Bank
3603794071,ICICI Bank,12.9113891,77.5531687,ICICI Bank
3654139977,Canara Bank,12.9791721,77.5934264,Canara Bank
3674560887,Unknown ATM,12.9913252,77.5713263,Unknown
3710158896,ICICI Bank,12.9472236,77.598734,ICICI Bank
3714125755,Canara Bank,12.9833614,77.6033233,Canara Bank
3722411925,Axis Bank,12.9749216,77.6703057,Axis Bank
3725710394,Citibank,12.9647407,77.641787,Citibank
3726162436,Federal Bank,12.9792275,77.6410231,Federal Bank
3760133043,Yes Bank,12.9729167,77.6172137,Yes Bank
3761415287,HDFC Bank,12.9594965,77.6569671,HDFC Bank
3761418961,HDFC Bank,12.9600667,77.6450929,HDFC Bank
3761463624,Kotak Mahindra Bank,12.9592189,77.6550673,Kotak Mahindra Bank
3761463625,ICICI Bank,12.9592324,77.6549762,ICICI Bank
3776717263,Punjab National Bank,12.9752131,77.6086452,Punjab National Bank
3780780965,ICICI Bank,12.9545514,77.6526553,ICICI Bank
3785906626,HDFC Bank,12.9975386,77.6552048,HDFC Bank
3826353777,Canara Bank,12.9650562,77.5897367,Canara Bank
3826353778,Karnataka Bank,12.9666245,77.5919645,Karnataka Bank
3826359079,Canara Bank,12.9659821,77.5926315,Canara Bank
3833904203,State ATM,12.935048,77.5743056,RSBL
3833905730,State Bank of India,12.9351238,77.5741634,State Bank of India
3833906364,Karnataka Bank,12.9354545,77.5739623,Karnataka Bank
3837051274,Axis Bank,12.9782679,77.6330409,Axis Bank
3846361459,Citibank,12.9752032,77.6147572,Citibank
3881296872,HDFC Bank,13.0014136,77.628881,HDFC Bank
3885545494,HDFC Bank,12.998073,77.6282625,HDFC Bank
3899682776,ICICI Bank,13.0019326,77.6317974,ICICI Bank
3954737033,Unknown ATM,12.9813006,77.5972585,Unknown
4008910184,Corporation Bank,13.0079066,77.5639571,Corporation Bank
4036140739,Canara Bank,13.0005533,77.6233992,Canara Bank
4062011909,Axis Bank,12.9489334,77.6001044,Axis Bank
4062014290,State Bank of India,12.9484634,77.5989705,State Bank of India
4062937542,Axis Bank,12.9446297,77.6289275,Axis Bank
4063568050,Karur Vysya Bank,12.9450345,77.6289388,Karur Vysya Bank
4067004487,State Bank of India,12.9765781,77.6738208,State Bank of India
4067004488,ICICI Bank,12.9744681,77.673175,ICICI Bank
4100777593,Unknown ATM,12.9640262,77.5507761,Unknown
4101455701,Karnataka Bank,12.9789941,77.6416035,Karnataka Bank
4101616570,Unknown ATM,12.9790601,77.6435992,State Bank of India
4101957736,Unknown ATM,12.9793201,77.6442365,The Co-Operative bank LTD
4102048402,Karnataka Bank,12.9788423,77.6418328,Karnataka Bank
4121454427,Kotak Mahindra Bank,12.9748439,77.6083535,Kotak Mahindra Bank
4130960194,Unknown ATM,12.9644277,77.5553928,Unknown
4130960789,Unknown ATM,12.9551248,77.566492,Unknown
4130963390,Unknown ATM,12.9644446,77.5552913,Unknown
4133370689,Unknown ATM,12.9272827,77.6379132,Axis Bank
4151360962,State Bank ATM,12.9664471,77.5945707,State Bank Group
4163019889,Unknown ATM,12.9733649,77.6754389,Unknown
4163019989,Unknown ATM,12.9733622,77.6753236,Unknown
4167718789,Unknown ATM,12.9812284,77.6572925,Axis Bank
4172485190,Axis Bank,12.9725024,77.6508886,Axis Bank
4172589989,Unknown ATM,12.981434,77.5957136,India Post ATM
4177732308,Karnataka Bank,12.9772383,77.5752995,Karnataka Bank
4177732309,Kotak Mahindra Bank,12.9773643,77.5747535,Kotak Mahindra Bank
4178906396,Unknown ATM,12.9664528,77.6371221,Unknown
4191956493,Unknown ATM,12.9416121,77.6172504,Unknown
4191976705,Unknown ATM,12.940484,77.6183624,Unknown
4192020689,Unknown ATM,12.9414316,77.6174359,Unknown
4209484254,State Bank of India,12.9680202,77.5787717,State Bank of India
4231932593,Unknown ATM,12.9771924,77.6387974,CBI
4254080490,Federal Bank,12.940402,77.5766481,Federal Bank
4254126595,ICICI Bank,12.9378558,77.5755369,ICICI Bank
4272772790,Bandhan Bank,12.9783518,77.6352342,Bandhan Bank
4286285302,ICICI Bank,12.9772166,77.631572,ICICI Bank
4295493029,Lakshmi Vilasa Bank Ltd,12.9811084,77.6014285,PNB
4307428820,Unknown ATM,12.9563795,77.695954,Axis Bank
4320476590,Unknown ATM,12.9171866,77.586079,Kotak Mahindra Bank
4321212103,State Bank of India,12.9104062,77.5951099,State Bank of India
4332316281,Axis Bank,13.001646,77.6316638,Axis Bank
4362762990,Unknown ATM,12.9437347,77.5799634,Lakshmi Nivas Bank
4362765797,Bank of Baroda,12.9472769,77.5799705,Bank of Baroda
4362807789,Unknown ATM,12.947717,77.5798294,Lakshmi Vilas Bank
4373353489,Yes Bank,12.9784404,77.6386118,Yes Bank
4377718285,Canara Bank ATM,12.9051847,77.6397082,Canara Bank
4386506503,Unknown ATM,13.0267483,77.6041132,Karur Vaisya Bank
4386506601,Unknown ATM,13.0269861,77.6041889,ICICI Bank
4386506606,Unknown ATM,13.0278097,77.6043901,Axis Bank
4392383891,Unknown ATM,12.9367073,77.6206344,Dhanalakshmi Bank
4437493193,Unknown ATM,12.9847048,77.6756194,Federal Bank
4443389075,Citibank,12.9702333,77.6098322,Citibank
4443896277,HSBC,12.9703347,77.6093582,HSBC
4445109845,Punjab National Bank ATM,12.9460433,77.6466659,Punjab National Bank
4448212009,ICICI Bank,12.9449189,77.6802767,ICICI Bank
4449313889,HDFC Bank,13.0050034,77.6233355,HDFC Bank
4456336990,ICICI Bank,12.9079578,77.5783267,ICICI Bank
4456346090,Karnataka Bank,12.9074342,77.578346,Karnataka Bank
4457286921,ICICI Bank,12.9696854,77.654876,ICICI Bank
4457339389,Standard Chartered,12.9330476,77.5822333,Standard Chartered
4457715091,South Indian Bank,12.9301342,77.6181807,South Indian Bank
4457715192,Bank of Baroda,12.9301613,77.618137,Bank of Baroda
4457765089,Federal Bank,12.9304666,77.6183064,Federal Bank
4463113589,Canara Bank,12.9035208,77.5843442,Canara Bank
4470962689,Axis Bank,12.9040892,77.5847141,Axis Bank
4474511491,State Bank of India,12.971335,77.5845467,State Bank of India
4489719491,Unknown ATM,13.0184107,77.6545173,Axis Bank
4506375513,Canara Bank,13.0030193,77.6353183,Canara Bank
4528688851,State Bank of India,12.9974416,77.550126,State Bank of India
4537379589,Unknown ATM,12.9143525,77.6636886,Unknown
4545893490,Union Bank of India,12.924386,77.6000893,Union Bank of India
4545901090,Unknown ATM,12.9174899,77.5732745,Karnataka Bank ATM
4545906691,Unknown ATM,12.9205691,77.5951275,Karnataka Bank ATM
4550395394,Unknown ATM,13.0184261,77.653514,Oriental Bank of Commerce
4558683789,Unknown ATM,12.9596889,77.6461552,SBH
4577066596,Unknown ATM,13.0039002,77.6227483,Unknown
4591093490,Punjab National Bank,12.9771479,77.5700436,Punjab National Bank
4591185689,State Bank of India,12.9773797,77.5698067,State Bank of India
4591203889,Indian Bank,12.9772143,77.5700433,Indian Bank
4599152789,Unknown ATM,12.9932782,77.6793591,Axis Bank
4602971701,State Bank of India,12.9612841,77.6672062,State Bank of India
4623723103,HDFC Bank,12.9962755,77.5733477,HDFC Bank
4680353494,Unknown ATM,12.9853876,77.6647856,City Union Bank
4685192097,Unknown ATM,12.9854091,77.6734083,SBH
4686164290,Unknown ATM,12.9853409,77.6678905,Canara Bank
4686804000,Canara Bank,12.9907421,77.6637709,Canara Bank
4690233190,Unknown ATM,12.9812124,77.6369363,Laxmi vilas bank
4691723493,Unknown ATM,12.9832075,77.6802595,Karur Vysya Bank
4703397593,Axis Bank,12.9473628,77.5668805,Axis Bank
4731621689,State Bank of India,12.9461075,77.6672982,State Bank of India
4763211058,Karnataka Bank,12.9767392,77.5707435,Karnataka Bank
4763212765,Kotak Mahindra Bank,12.9435344,77.5654837,Kotak Mahindra Bank
4791783629,Andhra Bank,12.9778349,77.6465268,Andhra Bank
4791785145,Canara Bank,12.9684067,77.6510466,Canara Bank
4811658521,Unknown ATM,12.9038932,77.6415555,Unknown
4843099624,State Bank of India,12.9549893,77.5915906,State Bank of India
4843099632,Central Bank of India,12.9696922,77.6066419,Central Bank of India
4843125823,Corporation Bank,12.9679992,77.6007868,Corporation Bank
4844863326,Axis Bank,13.00594,77.6386489,Axis Bank
4844865051,Axis Bank,13.0079259,77.6412745,Axis Bank
4847294837,Unknown ATM,12.9686496,77.6002531,Union bank
4847828421,Axis Bank,12.945194,77.5949693,Axis Bank
4849094834,Unknown ATM,12.9652861,77.5864103,Unknown
4849108624,South Indian Bank,12.9352983,77.6091104,South Indian Bank
4849618953,HDFC Bank,12.9437019,77.5947656,HDFC Bank
4920192051,Karnataka Bank,12.97771,77.5722474,Karnataka Bank
4966811521,Unknown ATM,12.9192929,77.5926382,Dhanalakshmi Bank ATM
5018934517,State Bank of India,12.9074809,77.6758423,State Bank of India
5019270024,Unknown ATM,13.0197152,77.6734719,HDFC
5061380662,Corporation Bank,12.9879742,77.5764499,Corporation Bank
5155524818,ICICI Bank,12.9734222,77.6512089,ICICI Bank
5168560646,Axis Bank,12.9821863,77.5660957,Axis Bank
5168658572,Axis Bank,12.9647139,77.6056671,Axis Bank
5174704944,HDFC Bank,13.0018586,77.5988817,HDFC Bank
5174980936,Indian Overseas Bank,12.9975545,77.5821584,Indian Overseas Bank
5175027877,HDFC Bank,12.9979084,77.5521686,HDFC Bank
5175027880,Axis Bank,12.9985641,77.5552753,Axis Bank
5175027881,ICICI Bank,12.9984849,77.5554044,ICICI Bank
5193886868,HDFC Bank,12.9737319,77.6467726,HDFC Bank
5229456539,Kotak Mahindra Bank,12.9894569,77.5735286,Kotak Mahindra Bank
5229456547,Unknown ATM,12.9934739,77.5713892,Bank of Baroda
5234717428,Canara Bank,12.93656,77.5804636,Canara Bank
5234729438,Unknown ATM,12.9478549,77.5971182,Kotak Mahindra Bank
5234777600,Canara Bank,12.9269123,77.5907502,Canara Bank
5234789471,State Bank of India,12.9270213,77.5920261,State Bank of India
5239910787,Unknown ATM,12.9124446,77.6811861,State Bank of India
5261484918,State Bank of India,12.9743591,77.5711607,State Bank of India
5286949430,Unknown ATM,13.0441606,77.6010657,Axis Bank
5286949432,State Bank of India,13.0409375,77.6223743,State Bank of India
5304601961,Kotak Mahindra Bank,12.9387032,77.5524202,Kotak Mahindra Bank
5306746590,HDFC Bank,12.9495419,77.5798273,HDFC Bank
5306746601,Canara Bank,12.9495366,77.580231,Canara Bank
5318002823,Vijaya Bank,12.9162768,77.6151034,Bank of Baroda
5343197021,HDFC Bank,12.9534102,77.6528653,HDFC Bank
5503164676,Unknown ATM,12.9690393,77.6936106,HDFC ATM
5503164684,Unknown ATM,12.9687034,77.6935455,SBI Bank ATM
5537882024,Central Bank of India,12.9759637,77.6388269,Central Bank of India
5623433264,State Bank of India,12.986288,77.5558088,State Bank of India
5623550269,Canara Bank,12.9876052,77.5558577,Canara Bank
5624262706,Unknown ATM,12.9898621,77.5546219,Unknown
5624262708,HDFC Bank,12.9898516,77.5551738,HDFC Bank
5624262710,Unknown ATM,12.9898418,77.5553763,Unknown
5624262720,NKGSB Bank,12.9885991,77.555898,Unknown
5685636633,State Bank of India,13.0183808,77.564656,State Bank of India
5685637244,State Bank of India,13.0068403,77.5711956,State Bank of India
5863637590,Unknown ATM,12.9678992,77.6504368,State Bank of India (SBI)
5915230906,Unknown ATM,12.9341518,77.6234672,ICICI Bank ATM
5922659264,ICICI Bank,12.9970049,77.550213,ICICI Bank
5922659265,Axis Bank,12.9969748,77.5502077,Axis Bank
5922659282,Unknown ATM,12.9910238,77.5505564,ICICI Bank
5964545002,State Bank of India,12.9755945,77.5752997,State Bank of India
6072894936,Canara Bank,12.9008702,77.587901,Canara Bank
6210725029,ICICI Bank,12.9772008,77.5733371,ICICI Bank
6312254292,Indian Bank,12.9032477,77.6026985,Indian Bank
6393846699,State Bank of India,12.9776551,77.6364842,State Bank of India
6393846700,IDBI Bank,12.9713759,77.6348862,IDBI Bank
6393846701,Andhra Bank,12.9712853,77.6348681,Andhra Bank
6419044990,ICICI Bank,12.9688815,77.5791931,ICICI Bank
6419052586,IDFC First Bank,12.9692487,77.5794495,IDFC First Bank
6419052685,Canara Bank,12.9692728,77.579469,Canara Bank
6422580186,South Indian Bank,12.9861391,77.6463483,South Indian Bank
6534631815,Citibank,12.9245257,77.6180091,Citibank
6570421951,Unknown ATM,13.0128249,77.5533294,Union Bank
6859395260,State Bank of India,12.9342558,77.5841423,State Bank of India
7016691457,Canara Bank,12.9415972,77.5643731,Canara Bank
7051951386,Federal Bank,12.9722597,77.6795798,Federal Bank
7142722761,ICICI Bank,12.9736025,77.5662526,ICICI Bank
7147351713,South Indian Bank,12.9717261,77.6813586,South Indian Bank
7147351714,HDFC Bank,12.9722188,77.680745,HDFC Bank
7160302091,State Bank of India,12.9774664,77.5918137,State Bank of India
7215440234,ICICI Bank,13.000224,77.5507146,ICICI Bank
7228148554,Unknown ATM,13.0307271,77.5599951,Unknown
7236205644,ICICI Bank,12.9853419,77.5564646,ICICI Bank
7255929463,State Bank of India,13.0011143,77.6123797,State Bank of India
7256979616,Andhra Bank,13.0327967,77.6366258,Andhra Bank
7256985308,Unknown ATM,13.0407965,77.616876,State Bank of India
7276500304,Corporation Bank,12.9835372,77.5858502,Corporation Bank
7292436108,South Indian Bank,12.9713364,77.5867555,South Indian Bank
7302387903,Corporation Bank,13.0387366,77.5899664,Corporation Bank
7302387904,Canara Bank,13.0387041,77.5905431,Unknown
7528043666,Unknown ATM,12.9388497,77.6020928,HDFC BANK ATM
7528068996,Unknown ATM,12.9282921,77.605239,AXIS BANK ATM
7941607044,State Bank of India,13.003937,77.6155107,State Bank of India
7976301158,Punjab National Bank,12.9779859,77.6429555,Punjab National Bank
7976303542,State Bank of India,12.9768429,77.6465919,State Bank of India
8148771369,State Bank of India,13.0203467,77.5559144,State Bank of India
8151014159,Kotak Mahindra Bank,13.0291853,77.5611297,Kotak Mahindra Bank
8151058939,ICICI Bank,13.0292268,77.5611013,ICICI Bank
8187929936,Corporation Bank,12.9928964,77.5897796,Corporation Bank
8187929955,Axis Bank,12.990191,77.560667,Axis Bank
8187930005,Axis Bank,12.975994,77.558578,Axis Bank
8255015074,State Bank of India,12.9999594,77.5602699,State Bank of India
8534530115,State Bank of India,13.0219457,77.5536147,State Bank of India
8544017587,HDFC Bank,13.0298326,77.5534828,HDFC Bank
8558793117,Karnataka Bank,12.9386806,77.601935,Karnataka Bank
8727018101,State Bank of India,12.9357431,77.5613135,State Bank of India
8727018102,Unknown ATM,12.9356558,77.5609792,Andhra Bank ATM
8873805487,Citibank,12.9288008,77.5829059,Citibank
8916964740,ICICI Bank,13.0042947,77.6229746,ICICI Bank
9102904801,HDFC Bank,12.913395,77.604436,HDFC Bank
9159982975,State Bank of India,12.9133861,77.6043326,State Bank of India
9165273184,IndusInd Bank,12.9136456,77.6073952,IndusInd Bank
9214185062,Unknown ATM,12.9899666,77.5745326,Unknown
9214580885,Unknown ATM,12.9669962,77.6140576,Unknown
9214580913,Canara Bank,12.9815652,77.5974494,Canara Bank
9318131821,State Bank of India,12.938169,77.6992075,State Bank of India
9332469951,State Bank of India,12.9721987,77.6976091,State Bank of India
9332469952,Unknown ATM,12.9721987,77.6979077,Kotak Mahindra Bank ATM
9814510708,State Bank of India,12.9772578,77.6468383,State Bank of India
9833588985,HDFC Bank,12.9834587,77.6073655,HDFC Bank
9872645098,State Bank of India,12.9852752,77.5564539,State Bank of India
9893686519,HDFC Bank,12.9686449,77.5749197,HDFC Bank
10009305819,Unknown ATM,12.981074,77.6059774,South Indian Bank
10009310319,Unknown ATM,12.9794922,77.6061321,Canara Bank
10009343717,Unknown ATM,12.9794328,77.6062662,ICICI Bank
10009663793,Kotak Mahindra Bank,13.0495713,77.6038451,Kotak Mahindra Bank
10036648024,Unknown ATM,12.9405717,77.6246062,Axis Bank
10036648317,Unknown ATM,12.942267,77.6228332,RBL Bank
10036648417,Unknown ATM,12.9420232,77.6230093,HDFC Bank
10042733217,Unknown ATM,12.9478479,77.6066562,State Bank of India
10047215818,Unknown ATM,12.9815678,77.6041512,Indian Bank
10047222717,Unknown ATM,12.9804168,77.6043594,J & K Bank
10047234517,Unknown ATM,12.9815781,77.6044787,State Bank of India
10047410318,Unknown ATM,12.9398703,77.6252571,Utkarsh Small Finance Bank
10047410517,Unknown ATM,12.9399297,77.6252027,IndusInd Bank
10111454507,Unknown ATM,12.9350238,77.6302683,Indian Bank
10114180706,Unknown ATM,12.9383445,77.6259659,IDFC First Bank
10183518534,Unknown ATM,12.9976491,77.5598998,Canara Bank
10294519331,Unknown ATM,12.9708195,77.600727,Federal Bank
10299297409,Unknown ATM,13.0477325,77.5762392,ICICI BANK
10303872104,ICICI Bank,13.0008101,77.5530886,ICICI Bank
10564184366,HDFC Bank,12.9130116,77.6985546,HDFC Bank
10607547214,Yes Bank,12.9595272,77.6564161,Yes Bank
10647620828,Unknown ATM,12.9059616,77.5734858,RBL
10651895593,Canara Bank,12.9578892,77.6492318,Canara Bank
10651903499,SBI ATM,12.9598179,77.6502474,State Bank of India
10687892747,Unknown ATM,12.9093651,77.640848,State Bank of India
10688121234,Federal Bank,12.9263464,77.6167941,Federal Bank
10703105217,IndusInd Bank,13.0005386,77.6766013,IndusInd Bank
10718179795,"SBI Sector 2‌, HSR Layout",12.9118578,77.6517238,State Bank of India
10718179796,Union Bank HSR Layout,12.9126149,77.6523053,Union Bank of India
10853169817,Unknown ATM,12.9161105,77.5740163,State Bank of India
10969398448,Unknown ATM,12.965565,77.5844677,DCB Bank
11056993029,Unknown ATM,12.9556662,77.6915356,Kotak Mahindra Bank
11116490524,Unknown ATM,12.9792304,77.6952189,IDBI Bank
11131430561,Unknown ATM,12.9714974,77.6277058,Kotak Mahindra Bank
11178098070,Unknown ATM,12.9573178,77.5697265,Bank of Baroda
11178103830,Unknown ATM,12.9586069,77.5654343,State Bank of India
11178123920,Unknown ATM,12.9516968,77.5673971,Unknown
11180654060,Unknown ATM,13.0116394,77.557057,HDFC Bank
11212375968,Unknown ATM,12.9702298,77.6439459,Standard Chartered
11214889011,Unknown ATM,12.9754896,77.6072093,State Bank of India
11219406681,Canara Bank,13.0206355,77.6436073,Unknown
11242451203,Unknown ATM,12.9773243,77.6390025,Punjab National Bank
11248255457,Unknown ATM,12.9571816,77.550277,Union Bank of India
11255385170,Unknown ATM,13.0013051,77.5694432,IndusInd Bank
11260122956,Unknown ATM,12.9164063,77.6365397,Axis Bank
11292688562,Bank of India,12.9097143,77.6443014,Bank of India
11294646338,Unknown ATM,12.9195785,77.5950152,Unknown
11294646362,Unknown ATM,12.9307369,77.5926549,Karnataka Bank
11295245077,Unknown ATM,12.9401246,77.5945482,SBI
11295513143,Unknown ATM,12.93639,77.6160951,HDFC Bank
11295513144,Unknown ATM,12.9363537,77.6159818,Federal Bank
11295826656,Unknown ATM,12.9547541,77.5929871,Karnataka Bank
11295836834,Unknown ATM,12.9978083,77.569546,Utkarsh Small Finance Bank
11295836846,Unknown ATM,12.9985875,77.5695254,Axis Bank
11296562020,Unknown ATM,12.9064253,77.5981787,Kotak Mahindra Bank
11296562021,Unknown ATM,12.9068787,77.5997761,HDFC Bank
11296562026,Unknown ATM,12.9069216,77.5998856,RBL Bank
11302751565,Unknown ATM,12.9177118,77.5996743,Canara Bank
11303622566,HDFC Bank,12.9061896,77.5780386,HDFC Bank
11303710697,Unknown ATM,12.9060288,77.5792706,State Bank of India
11309883587,Unknown ATM,13.0136768,77.5542505,Unknown
11342659859,Unknown ATM,12.9608059,77.6372084,HDFC Bank
11345404436,Axis Bank,13.0303405,77.6491473,Axis Bank
11348674809,IDFC bank ATM,13.025011,77.640714,Unknown
11348726232,HDFC bank ATM,13.0319607,77.6435697,Unknown
11355774238,Unknown ATM,12.9614194,77.5751313,State Bank of India
11382935807,Unknown ATM,12.9167011,77.5931305,Axis Bank
11382935808,Unknown ATM,12.9166966,77.5931883,IndusInd Bank
11385585231,Unknown ATM,12.972819,77.6172708,State Bank of India
11395345926,Unknown ATM,12.9168575,77.6028425,IDFC First Bank
11420439733,Indian Bank ATM,12.9783538,77.6358664,Indian Bank
11420450121,Kotak Mahindra Bank ATM,12.9783605,77.6353351,Kotak Mahindra Bank
11428856982,Unknown ATM,13.0019846,77.5697364,Union Bank of India
11468639559,Unknown ATM,12.9749658,77.606555,State Bank of India
11468639560,Unknown ATM,12.9749757,77.6065573,State Bank of India
11472722081,Unknown ATM,12.966939,77.5992826,Bank of Baroda
11478107291,Unknown ATM,13.0007872,77.5632382,State Bank of India
11478107297,Unknown ATM,12.989156,77.5746098,Bank of India
11493643619,State Bank of India,12.9783541,77.6388936,State Bank of India
11496155843,Unknown ATM,13.034187,77.55755,IDFC First Bank
11496155844,Unknown ATM,13.0341321,77.5575695,HDFC Bank
11505846465,Unknown ATM,12.9747188,77.6087556,Indian Bank
11532959814,Unknown ATM,12.9232383,77.6498021,HDFC Bank
11535639643,Unknown ATM,12.9409367,77.6958029,State Bank of India
11535639645,Unknown ATM,12.9408432,77.6957542,HDFC Bank
11630684166,Unknown ATM,12.9782284,77.6306448,Canara Bank
11630831052,Unknown ATM,12.9130361,77.6000043,ICICI Bank
11653355869,Unknown ATM,13.02084,77.63612,Unknown
11659393740,Unknown ATM,12.9737843,77.6231744,Punjab & Sind Bank ATM
11684157871,Unknown ATM,12.9615359,77.6364148,Axis Bank
11684647133,Unknown ATM,12.9906494,77.5718535,Kotak Mahindra Bank
11684876145,Unknown ATM,13.0071319,77.5643956,IndusInd Bank
11684876150,Unknown ATM,13.0225594,77.5529217,IndusInd Bank
11696309277,Unknown ATM,12.9561602,77.6950672,Federal Bank
11699347751,Unknown ATM,12.9782892,77.6288056,Axis Bank ATM
11708674465,Unknown ATM,12.978571,77.6292671,Karur Vysya Bank
11710500779,Unknown ATM,12.9780328,77.6295292,ICICI Bank
11886877342,HDFC Bank,12.9793481,77.6448841,HDFC Bank
11896623993,Unknown ATM,12.9993321,77.6767553,Union Bank of India
11896917266,Canara Bank,12.9759242,77.622773,Canara Bank
11896935868,Union Bank ATM,12.9762403,77.6227329,Unknown
11896939309,ICICI Bank,12.9765152,77.6230761,ICICI Bank
11896951311,TMB,12.9758961,77.6227691,Unknown
11897955146,Unknown ATM,13.005804,77.5711646,Ujjivan Small Finance Bank
11897968142,Unknown ATM,13.0022545,77.5710872,State Bank of India
11897978985,Unknown ATM,13.005745,77.5711624,Karur Vysya Bank
11915213882,State Bank of India,12.9832825,77.6100382,State Bank of India
11915237669,Axis Bank,12.9832822,77.6100189,Axis Bank
11944379185,South Indian Bank,12.9554995,77.6979759,South Indian Bank
11963070622,Unknown ATM,12.9536988,77.59234,Karnataka Bank
11982683583,Unknown ATM,12.9052438,77.6491055,ESAF Small Finance Bank
12000217924,Unknown ATM,12.9506158,77.5736394,State Bank of India
12016136798,State Bank of India,13.014172,77.5539912,State Bank of India
12019980191,Unknown ATM,12.9808365,77.5981459,State Bank of India
12022091569,Unknown ATM,13.037345,77.5904645,HDFC Bank
12046492132,Unknown ATM,13.0228712,77.6456831,Indian Bank
12046492136,Unknown ATM,13.0184898,77.6433081,HDFC Bank
12046492137,Unknown ATM,13.0186892,77.6430099,AU Small Finance Bank
12046492139,Unknown ATM,13.0191027,77.6433499,Union Bank of India
12048924774,Unknown ATM,12.93857,77.5801176,Unknown
12048924775,Unknown ATM,12.9379782,77.5800181,Unknown
12051379641,Unknown ATM,12.9164793,77.6051434,State Bank of India
12053283216,Unknown ATM,12.902148,77.6008642,State Bank of India
12078449264,Unknown ATM,12.9105119,77.627123,Kotak Mahindra Bank
12103968904,Unknown ATM,12.9986429,77.5732028,State Bank of India
12103968938,Unknown ATM,12.9989603,77.5808423,IDFC First Bank
12115149772,Unknown ATM,12.9330896,77.6312388,State Bank of India
12116422270,Unknown ATM,13.0375671,77.6651503,ICICI Bank
12116422271,Unknown ATM,13.0381551,77.6658727,Axis Bank
12118826140,Unknown ATM,12.9595796,77.5619677,Bank of Baroda
12159829455,Unknown ATM,12.9730449,77.608499,State Bank of India
12161153129,Unknown ATM,12.9464594,77.5801001,State Bank of India
12161830093,Punjab & Sind Bank,12.9204166,77.5972503,Punjab & Sind Bank
12244734920,Ujjivan,12.9117281,77.6326118,Ujjivan Small Finance Bank
12270747465,Unknown ATM,12.9129531,77.6767927,Indian Bank
12270762303,Unknown ATM,12.9173826,77.6278011,Bank of India
12285338811,Unknown ATM,12.9333391,77.6110527,HDFC Bank
12285338813,Unknown ATM,12.9221005,77.6194529,HDFC Bank
12285541098,Unknown ATM,13.0363318,77.5980792,State Bank of India
12441556290,Unknown ATM,12.9874735,77.5801145,IDFC First Bank
12460940277,Unknown ATM,12.9806113,77.5686726,Unknown
12466417389,Unknown ATM,12.9510222,77.5677852,IDFC First Bank
12507236091,Unknown ATM,12.9838037,77.6034294,Unknown
12538086462,Unknown ATM,12.9165713,77.5615738,State Bank of India
12580943041,Unknown ATM,12.9007752,77.6598469,Canara Bank
12580943043,ICICI Bank,12.9155506,77.6674822,ICICI Bank
12676261383,Unknown ATM,13.02691,77.5580938,Axis Bank
12686350457,Unknown ATM,12.9836392,77.5855122,Union Bank of India
12777774172,State Bank of India,12.9982979,77.5573209,State Bank of India
12811493359,Kotak Mahindra Bank ATM,12.9552932,77.5800239,Unknown
12915170801,Unknown ATM,13.0421146,77.6124806,Axis Bank
12915173279,Unknown ATM,13.0481524,77.5761041,State Bank of India
12946230096,HDFC ATM,12.9209127,77.6336572,Unknown
13057916467,Unknown ATM,13.0039101,77.5836059,Axis Bank
13116318617,Unknown ATM,12.9320295,77.6854691,Kotak Mahindra Bank
13116318618,Unknown ATM,12.9320273,77.6854454,Axis Bank
13155991171,Unknown ATM,12.9498997,77.5958958,State Bank of India
13246333825,Unknown ATM,12.9357018,77.6153729,Idfc Bank
13354969819,Unknown ATM,12.9533147,77.5713042,SBI
13354969820,Unknown ATM,12.9533285,77.5712102,Sree Charan Bank
13357442351,Unknown ATM,12.9077384,77.5993882,UBI
13362838387,Unknown ATM,12.9243033,77.597266,Kotak Bank
13734016162,Unknown ATM,12.9952478,77.6668232,Union Bank of India
13735291749,Unknown ATM,12.9654466,77.5854124,Bank of India
13735348310,Unknown ATM,12.9901319,77.6872047,State Bank of India
13766019283,Unknown ATM,12.9900679,77.6977464,Bank of Baroda
